<?xml version="1.0" encoding="utf-8" standalone="no"?>
<modDesc descVersion="92" xmlns:xsi="http://www.w3.org/2001/XMLSchema-instance" xsi:noNamespaceSchemaLocation="https://validation.gdn.giants-software.com/xml/fs25/modDesc.xsd">
    <author>GIANTS Software</author>
    <version>1.0.0.0</version>
    <title>
        <en>John Deere 1775NT</en>
    </title>

    <description>
<en><![CDATA[
Category: Planters
Price: $234,500
Required power: 360 hp
Working width: 17.75m
Working speed: 16 kph
Capacity: 3,524 L
]]></en>
<de><![CDATA[
Shopkategorie: Einzelkornsätechnik
Preis: 234.500€
Benötigte Leistung: 360 PS
Arbeitsbreite: 17,75m
Arbeitsgeschwindigkeit: 16 km/h
Kapazität: 3.524 L
]]></de>
<fr><![CDATA[
Catégorie: Planteuses
Prix: 234 500€
Puissance requise: 360 CV
Largeur de travail: 17,75m
Vitesse de travail: 16 km/h
Capacité: 3 524 L
]]></fr>
    </description>

    <iconFilename>icon_planter1775NT.dds</iconFilename>

    <multiplayer supported="true"/>

    <storeItems>
        <storeItem xmlFilename="planter1775NT.xml"/>
    </storeItems>
</modDesc>