﻿<?xml version="1.0" encoding="utf-8" standalone="no" ?>
<vehicle type="implementDynamicMountAttacher" xmlns:xsi="http://www.w3.org/2001/XMLSchema-instance" xsi:noNamespaceSchemaLocation="../../../../../../../shared/xml/schema/vehicle.xsd">
    <annotation>Copyright (C) GIANTS Software GmbH, All Rights Reserved.</annotation>

    <storeData>
        <name>$l10n_shopItem_frontloaderBaleFork</name>
        <specs>
            <combination filterCategory="frontLoaders"/>
            <combination filterCategory="teleHandler"/>
        </specs>
        <image>store_baleSpike.png</image>
        <price>1200</price>
        <lifetime>600</lifetime>
        <rotation>0</rotation>
        <brand>WIKOTEC</brand>
        <category>frontLoaderTools</category>
        <vertexBufferMemoryUsage>125696</vertexBufferMemoryUsage>
        <indexBufferMemoryUsage>39680</indexBufferMemoryUsage>
        <textureMemoryUsage>458752</textureMemoryUsage>
        <instanceVertexBufferMemoryUsage>0</instanceVertexBufferMemoryUsage>
        <instanceIndexBufferMemoryUsage>0</instanceIndexBufferMemoryUsage>
        <audioMemoryUsage>0</audioMemoryUsage>
    </storeData>

    <base>
        <typeDesc>$l10n_typeDesc_frontloaderTool</typeDesc>
        <filename>baleSpike.i3d</filename>
        <size width="2.5" height="2.5" length="2" lengthOffset="0.5"/>
        <supportsPickUp>false</supportsPickUp>
        <components>
            <component centerOfMass="0 0.2 0.3" solverIterationCount="10" mass="250" />
        </components>
        <schemaOverlay attacherJointPosition="0 0" name="IMPLEMENT" />
    </base>

    <attachable>
        <inputAttacherJoints>
            <inputAttacherJoint node="attacherJointFrontloader" jointType="frontloader" >
                <objectChange node="config_frontloader" visibilityActive="true"/>
                <objectChange node="config_telehandler" visibilityActive="false"/>
            </inputAttacherJoint>
            <inputAttacherJoint node="attacherJointTelehandler" jointType="telehandler" >
                <objectChange node="config_frontloader" visibilityActive="false"/>
                <objectChange node="config_telehandler" visibilityActive="true"/>
            </inputAttacherJoint>
        </inputAttacherJoints>
    </attachable>

    <dynamicallyLoadedParts>
        <dynamicallyLoadedPart node="1|0" linkNode="hydraulicIn01_detachedAdapter"  filename="$data/shared/connectionHoses/connectors.i3d" />
        <dynamicallyLoadedPart node="1|0" linkNode="hydraulicOut01_detachedAdapter"  filename="$data/shared/connectionHoses/connectors.i3d" />
    </dynamicallyLoadedParts>

    <connectionHoses>
        <hose inputAttacherJointIndices="1 2" type="hydraulicIn"  node="hydraulicIn01"  length="0.6" diameter="0.015" straighteningFactor="0.5" minDeltaY="0.2">
            <objectChange node="hydraulicIn01_detached" visibilityActive="false" visibilityInactive="true"/>
        </hose>
        <hose inputAttacherJointIndices="1 2" type="hydraulicOut"  node="hydraulicOut01"  length="0.6" diameter="0.015" straighteningFactor="0.5" minDeltaY="0.2">
            <objectChange node="hydraulicOut01_detached" visibilityActive="false" visibilityInactive="true"/>
        </hose>
    </connectionHoses>

    <animations>
        <animation name="mainArmMovement">
            <part node="extension" startTime="0" endTime="1" startTrans="0 0 0" endTrans="0 -0.891 0"/>
        </animation>
    </animations>

    <cylindered>
        <movingTools>
            <movingTool node="extension" playSound="true">
                <controls axis="AXIS_CRANE_TOOL" invertAxis="false" mouseSpeedFactor="0.5" iconName="SPRAYER_ARM_TRANSLATE_Y" />
                <animation animSpeed="0.3" animAcceleration="5" animName="mainArmMovement" />
            </movingTool>
        </movingTools>

        <sounds>
            <hydraulic template="hydraulicOpen02" linkNode="0>"/>
        </sounds>
    </cylindered>

    <dynamicMountAttacher node="baleSpike_main_component1">
        <fork node="colBack01" mountType="AUTO_ATTACH_XYZ" forceLimitScale="250"/>
        <fork node="colBack02" mountType="AUTO_ATTACH_XYZ" forceLimitScale="250"/>
        <fork node="colBack03" mountType="AUTO_ATTACH_XYZ" forceLimitScale="250"/>
    </dynamicMountAttacher>

    <baseColorConfigurations price="0" useDefaultColors="true" defaultColorIndex="12">
        <material materialSlotName="baleSpike_mat" />
    </baseColorConfigurations>

    <ai>
        <agentAttachment width="1.6" height="0.9" length="1.1" lengthOffset="0.1"/>
    </ai>

    <wearable wearDuration="480" workMultiplier="5" fieldMultiplier="2"/>
    <washable dirtDuration="90" washDuration="1" workMultiplier="2" fieldMultiplier="2"/>

    <i3dMappings>
        <i3dMapping id="baleSpike_main_component1" node="0>" />
        <i3dMapping id="baleSpike_vis" node="0>0" />
        <i3dMapping id="attacherJointFrontloader" node="0>0|0" />
        <i3dMapping id="attacherJointTelehandler" node="0>0|1" />
        <i3dMapping id="hydraulicIn01" node="0>0|2|0" />
        <i3dMapping id="hydraulicOut01" node="0>0|2|1" />
        <i3dMapping id="hydraulicIn01_detached" node="0>0|2|2" />
        <i3dMapping id="hydraulicIn01_detachedAdapter" node="0>0|2|2|0" />
        <i3dMapping id="hydraulicOut01_detached" node="0>0|2|3" />
        <i3dMapping id="hydraulicOut01_detachedAdapter" node="0>0|2|3|0" />
        <i3dMapping id="config_frontloader" node="0>0|3|0" />
        <i3dMapping id="config_telehandler" node="0>0|3|1" />
        <i3dMapping id="extension" node="0>0|4|0" />
        <i3dMapping id="colBack01" node="0>4" />
        <i3dMapping id="colBack02" node="0>5" />
        <i3dMapping id="colBack03" node="0>6" />
    </i3dMappings>
</vehicle>
