﻿<?xml version="1.0" encoding="utf-8" standalone="no" ?>
<modDesc descVersion="92">
    <author>VertexDezign</author>
    <version>1.0.0.0</version>
    <title>
        <en>Wiko-Tec Balespike</en>
        <de>Wiko-Tec Ballenspiess</de>
    </title>
    <description>
<en><![CDATA[
Category: Front Loader Tools
Price: $1,200
]]></en>
<de><![CDATA[
Shopkategorie: Frontlader Werkzeuge
Preis: 1.200€
]]></de>
<fr><![CDATA[
Catégorie: Narzędzia do ładowarek
Prix: 1 200€
]]></fr>
    </description>
    <iconFilename>icon_baleSpike.dds</iconFilename>
    <multiplayer supported="true" />

    <storeItems>
        <storeItem xmlFilename="baleSpike.xml"/>
    </storeItems>

    <brands>
      <brand name="WIKOTEC" title="WIKO-TEC" image="brand_wikotec.dds"/>
  </brands>
</modDesc>
