﻿<?xml version="1.0" encoding="utf-8" standalone="no" ?>
<modDesc descVersion="91">
    <author>Realismus Modding</author>
    <version>1.0.0.0</version>
    <title>
        <en>Government Subsidy</en>
        <de>Regierungssubventionierung</de>
        <fr>Subvention Gouvernementale</fr>
        <nl>Overheidssubsidie</nl>
    </title>
    <description>
<en>
<![CDATA[
Get some subsidies for your farm to help you along in a bad year.

Comes with two tiers of contracts per subsidy type:
Municipal Subsidy options per year:
-     $48,000
-    $480,000
Government Subsidy options per year:
-  $4,800,000
- $48,000,000

Info: Subsidiary benefits are currently only granted on sunny weather.
]]>
</en>
<de>
<![CDATA[
Holen Sie sich ein paar Subventionen für Ihren Betrieb, um Ihnen in einem schlechten Jahr zu helfen.

Es gibt zwei Stufen von Verträgen pro Subventionsart:
Kommunale Subventionsmöglichkeiten pro Jahr:
- 48.000€
- 480.000€
Staatliche Subventionsmöglichkeiten pro Jahr:
- 4.800.000€
- 48.000.000€

Infos: Subsidiaritätsleistungen werden derzeit nur bei sonnigem Wetter gewährt.
]]>
</de>
<fr>
<![CDATA[
Obtenez des subventions pour votre exploitation afin de vous aider en cas de mauvaise année.

Deux niveaux de contrats sont proposés pour chaque type de subvention :
Municipal Options de subvention par an :
- 48 000€
- 480 000€
Options de subventions gouvernementales par an :
- 4 800 000€
- 48 000 000€

Info : Les subventions ne sont actuellement accordées que par temps ensoleillé.
]]>
</fr>
    </description>
    <iconFilename>icon_sign.dds</iconFilename>
    <multiplayer supported="true" />

    <storeItems>
        <storeItem xmlFilename="sign.xml"/>
    </storeItems>

    <l10n>
        <text name="shopItem_subsidy">
            <en>Government Subsidy</en>
            <de>Regierungssubventionierung</de>
            <fr>Subvention gouvernementale</fr>
            <nl>Overheidssubsidie</nl>
        </text>
        <text name="function_subsidy">
            <en>Place this on your farm to receive a government subsidy.</en>
            <de>Platziert dieses Objekt auf Eurem Hof um einen Regierungszuschuss zu erhalten.</de>
            <fr>Placez ceci sur votre ferme pour recevoir une subvention du gouvernement.</fr>
            <nl>Plaats dit op je boerderij om een subsidie van de overheid te ontvangen.</nl>
        </text>
    </l10n>
</modDesc>
