<?xml version="1.0" encoding="utf-8" standalone="no" ?>
<placeable type="garageSolarPanels" xmlns:xsi="http://www.w3.org/2001/XMLSchema-instance" xsi:noNamespaceSchemaLocation="https://validation.gdn.giants-software.com/xml/fs25/placeable.xsd">
    <storeData>
        <name>$l10n_shopItem_subsidy</name>
        <image>store_subsidy.png</image>
        <price>0</price>
        <functions>
            <function>$l10n_function_subsidy</function>
        </functions>
        <lifetime>1000</lifetime>
        <dailyUpkeep>0</dailyUpkeep>
        <rotation>0</rotation>
        <brand>NONE</brand>
        <species>PLACEABLE</species>
        <category>placeableMisc</category>
        <brush>
            <type>placeable</type>
            <category>production</category>
            <tab>generators</tab>
        </brush>
        <vertexBufferMemoryUsage>3072</vertexBufferMemoryUsage>
        <indexBufferMemoryUsage>768</indexBufferMemoryUsage>
        <textureMemoryUsage>1048576</textureMemoryUsage>
        <instanceVertexBufferMemoryUsage>0</instanceVertexBufferMemoryUsage>
        <instanceIndexBufferMemoryUsage>0</instanceIndexBufferMemoryUsage>
        <audioMemoryUsage>0</audioMemoryUsage>
    </storeData>

    <base>
        <filename>sign.i3d</filename>
    </base>

    <placement useRandomYRotation="false" useManualYRotation="true">
        <testAreas>
            <testArea startNode="0>1|0" endNode="0>1|0|0" />
        </testAreas>

        <sounds>
            <place template="largeImp" />
        </sounds>
    </placement>

    <clearAreas />

    <leveling requireLeveling="false" />

    <indoorAreas />

    <tipOcclusionUpdateAreas />

    <ai>
        <updateAreas>
            <updateArea startNode="0>1|0" endNode="0>1|0|0" />
        </updateAreas>
    </ai>

    <solarPanels>
        <solarPanelsConfigurations title="$l10n_finance_missionIncome">
            <solarPanelsConfiguration name="%s %s" params="4 000 /|$l10n_ui_month" isActive="true" price="0" incomePerHour="400"> <!-- Usually 10 hours per day at max -->
                <objectChange node="0>0|0|0" visibilityActive="false"/>
                <objectChange node="0>0|0|1" visibilityActive="true"/>
            </solarPanelsConfiguration>

            <solarPanelsConfiguration name="%s %s" params="40 000 /|$l10n_ui_month" isActive="true" price="0" incomePerHour="4000">
                <objectChange node="0>0|0|0" visibilityActive="false"/>
                <objectChange node="0>0|0|1" visibilityActive="true"/>
            </solarPanelsConfiguration>

            <solarPanelsConfiguration name="%s %s" params="400 000 /|$l10n_ui_month" isActive="true" price="0" incomePerHour="40000">
                <objectChange node="0>0|0|0" visibilityActive="true"/>
                <objectChange node="0>0|0|1" visibilityActive="false"/>
            </solarPanelsConfiguration>

            <solarPanelsConfiguration name="%s %s" params="4 000 000 /|$l10n_ui_month" isActive="true" price="0" incomePerHour="400000">
                <objectChange node="0>0|0|0" visibilityActive="true"/>
                <objectChange node="0>0|0|1" visibilityActive="false"/>
            </solarPanelsConfiguration>
        </solarPanelsConfigurations>
    </solarPanels>
</placeable>