<?xml version="1.0" encoding="utf-8" standalone="no" ?>
<modDesc descVersion="92">
    <author>KingMods</author>
	<version>1.0.0.0</version>
	<title>
        <en>Time Fast Forward (KingMods)</en>
	</title>
    <description>
		<en>This mod adds additional time scale multipliers to the default ones (600, 1200, 2400, 4800, 9600).
You can instantly accelerate time by x9600 by pressing CTRL + ALT + K.</en>
        <fr>Ce mod ajoute des multiplicateurs d'échelle de temps supplémentaires à ceux par défaut (600, 1200, 2400, 4800, 9600).
Vous pouvez instantanément accélérer le temps de x9600 en appuyant sur CTRL + ALT + K.</fr>
        <de>Dieser Mod fügt den Standardmultiplikatoren (600, 1200, 2400, 4800, 9600) weitere Zeitskalenmultiplikatoren hinzu.
Sie können die Zeit sofort um das 9600-fache beschleunigen, indem Sie STRG + ALT + K drücken.</de>
	</description>
    <multiplayer supported="true" />
    <iconFilename>icon_timeFastForward_kingMods.dds</iconFilename>    
	<extraSourceFiles>
        <sourceFile filename="TimeFastForward_KingMods.lua" />
    </extraSourceFiles>
</modDesc>
