<?xml version="1.0" encoding="utf-8" standalone="no" ?>
<modDesc descVersion="93">
	<author>raulycristi1 [VSR Modding Sur]</author>
	<version>1.0.0.0</version>
    <title>
        <en>Multifruit And Liquid Silo</en>
        <de>Multifruit Und Flüssigkeiten Silo</de>
        <es>Silo Multifrutas Y Líquidos</es>
    </title>
<description>
<en><![CDATA[You can store all kinds of grains even the ones from custom maps. Ideal to save space on the farm.

- Category: Grain silos
- Price: 30,000 $
- Daily Upkeep: 10 $
- Capacity: 1,000,000 L

INFORMATION:
No Milk of any Kind is Allowed
]]></en>
<de><![CDATA[In diesem Silo kannst du alle Arten von Schüttgütern und Flüssigkeiten lagern. Ideal um Platz auf dem Hof zu sparen.

- Shopkategorie: Getreidesilo
- Preis: 30.000 €
- Unterhalt: 10 €/Tag
- Kapazität: 1.000.000 l

INFORMATIONEN:
Milch Jeglicher Art ist Nicht Erlaubt
]]></de>
<es><![CDATA[Con Este Silo Puedes Almacenar Todo Tipo de Grano y Liquidos. Ideal Para Ahorrar Espacio en La Granja.

- Categoria: Silo
- Precio: 30.000 €
- Mantenimiento diario: 10 €
- Capacidad: 1.000.000 L

INFORMACIÓN:
No Admite Leche de Ninguna Clase
]]></es>
</description>
	<iconFilename>icon_silo.dds</iconFilename>
	<multiplayer supported="true"/>


	<storeItems>
		<storeItem rootNode="placeable" xmlFilename="silo.xml"/>
	</storeItems>

    <l10n>
        <text name="function_farmSilo1">
            <en>You can Store All Kinds of Grains Even the Ones From Custom Maps.</en>
            <de>Hier kannst du alle Arten von Schüttgut lagern, auch von ModMaps.</de>
            <es>Puedes Almacenar Todo Tipo de Granos Incluso los de Mapas Personalizados.</es>
        </text>
        <text name="function_liquidFertilizerTank1">
            <en>You Can Store all Types of Liquids, Even Those With Customised Maps, Except Milk.</en>
            <de>Sie können alle Arten von Flüssigkeiten Lagern, Auch Solche Mit Individuellen Karten, Außer Milch.</de>
            <es>Puedes Almacenar Todo Tipo de Líquidos Incluso los de Mapas Personalizado Menos Leche.</es>
        </text>
    </l10n>
</modDesc>