<?xml version="1.0" encoding="utf-8" standalone="no" ?>
<placeable type="silo" xmlns:xsi="http://www.w3.org/2001/XMLSchema-instance" xsi:noNamespaceSchemaLocation="../../../../../shared/xml/schema/placeable.xsd">
    <storeData>
        <name>
            <en>Multifruit and liquid silo</en>
            <de>Multifruit und Flüssigkeiten Silo</de>
            <es>Silo Multifrutas Y Líquidos</es>
        </name>
        <functions>
			<function>$l10n_function_farmSilo1</function>
            <function>$l10n_function_liquidFertilizerTank1</function>
        </functions>
        <image>store_silo.dds</image>
        <price>30000</price>
        <dailyUpkeep>10</dailyUpkeep>
        <lifetime>1000</lifetime>
        <rotation>0</rotation>
        <brand>LIZARD</brand>
        <species>placeable</species>
        <category>silos</category>
        <brush>
            <type>placeable</type>
            <category>buildings</category>
            <tab>silos</tab>
        </brush>
        <vertexBufferMemoryUsage>217088</vertexBufferMemoryUsage>
        <indexBufferMemoryUsage>70912</indexBufferMemoryUsage>
        <textureMemoryUsage>8781824</textureMemoryUsage>
        <audioMemoryUsage>0</audioMemoryUsage>
        <instanceVertexBufferMemoryUsage>0</instanceVertexBufferMemoryUsage>
        <instanceIndexBufferMemoryUsage>0</instanceIndexBufferMemoryUsage>
    </storeData>

    <base>
        <filename>silo.i3d</filename>
        <canBeRenamed>true</canBeRenamed>
    </base>

    <placement useRandomYRotation="false" useManualYRotation="true" >
        <testAreas>
            <testArea startNode="testArea1Start" endNode="testArea1End" />
        </testAreas>

        <sounds>
            <place template="siloImp" />
        </sounds>
    </placement>

    <clearAreas>
        <clearArea startNode="clearArea1Start" widthNode="clearArea1Width" heightNode="clearArea1Height"/>
    </clearAreas>

    <leveling requireLeveling="true" maxSmoothDistance="1" maxSlope="75" maxEdgeAngle="30">
        <levelAreas>
            <levelArea startNode="levelArea1Start" widthNode="levelArea1Width" heightNode="levelArea1Height" groundType="asphalt"/>
        </levelAreas>
    </leveling>

    <indoorAreas>
        <indoorArea startNode="clearArea2Start" widthNode="clearArea2Width" heightNode="clearArea2Height" />
	</indoorAreas>

    <tipOcclusionUpdateAreas>
        <tipOcclusionUpdateArea startNode="tipOcclusionUpdateArea1Start" endNode="tipOcclusionUpdateArea1End" />
    </tipOcclusionUpdateAreas>

    <ai>
        <updateAreas>
            <updateArea startNode="tipOcclusionUpdateArea1Start" endNode="tipOcclusionUpdateArea1End" />
        </updateAreas>
        <splines>
            <spline node="aiSpline" maxWidth="5.0"/>
        </splines>
    </ai>

    <dynamicallyLoadedParts>
        <dynamicallyLoadedPart filename="$data/placeables/shared/sellingStationGeneric/sellingStationGenericNoCover.i3d" node="0" linkNode="grainGutterLinkNode" />
    </dynamicallyLoadedParts>

    <infoTrigger triggerNode="infoTrigger"/>
	
	
    <silo>
        <loadingStation node="loadingTrigger" supportsExtension="true" storageRadius="50">
            <loadTrigger triggerNode="loadingTrigger" fillLitersPerSecond="2000" dischargeNode="dischargeNode" fillTypes="LIQUIDMANURE DIGESTATE LIQUIDFERTILIZER HERBICIDE WATER DIESEL DEF WHEAT BARLEY OAT CANOLA SORGHUM GRAPE MAIZE POTATO SUGARBEET SUGARBEET_CUT BEETROOT CARROT PARSNIP COTTON RICELONGGRAIN RICE GREENBEAN PEA SPINACH SOYBEAN SUNFLOWER CHAFF POPLAR SEEDS LIME MINERAL_FEED FERTILIZER SUGARCANE STRAW GRASS_WINDROW DRYGRASS_WINDROW SILAGE FORAGE PIGFOOD WOODCHIPS ROADSALT STONE OLIVE" aiNode="aiLoadingNode">
                <effectNode effectClass="PipeEffect" effectNode="pipeEffect"      materialType="pipe"           fadeTime="0.5" maxBending="0" controlPoint="4.8 0 0 0"/>
                <effectNode                          effectNode="pipeEffectSmoke" materialType="unloadingSmoke" fadeTime="0.5" />
                <sounds>
                    <loading template="silosActive" />
                </sounds>
            </loadTrigger>
        </loadingStation>

        <unloadingStation supportsExtension="true" storageRadius="50">
            <unloadTrigger exactFillRootNode="exactFillRootNode" fillTypes="LIQUIDMANURE DIGESTATE LIQUIDFERTILIZER HERBICIDE WATER DIESEL DEF WHEAT BARLEY OAT CANOLA SORGHUM GRAPE MAIZE POTATO SUGARBEET SUGARBEET_CUT BEETROOT CARROT PARSNIP COTTON RICELONGGRAIN RICE GREENBEAN PEA SPINACH SOYBEAN SUNFLOWER CHAFF POPLAR SEEDS LIME MINERAL_FEED FERTILIZER SUGARCANE STRAW GRASS_WINDROW DRYGRASS_WINDROW SILAGE FORAGE PIGFOOD WOODCHIPS ROADSALT STONE OLIVE" aiNode="aiUnloadingNode"/>
			<baleTrigger triggerNode="baleTrigger" deleteLitersPerSecond="1000" fillTypes="COTTON WOODCHIPS SUGARBEET_CUT SILAGE GRASS_WINDROW DRYGRASS_WINDROW STRAW CHAFF FORAGE" />
			<palletTrigger triggerNode="palletTrigger" deleteLitersPerSecond="1000" fillTypes="POTATO BEETROOT CARROT PARSNIP" />
        </unloadingStation>

        <storages>
            <storage node="storage" fillTypes="LIQUIDMANURE DIGESTATE LIQUIDFERTILIZER HERBICIDE WATER DIESEL DEF WHEAT BARLEY OAT CANOLA SORGHUM GRAPE MAIZE POTATO SUGARBEET SUGARBEET_CUT BEETROOT CARROT PARSNIP COTTON RICELONGGRAIN RICE GREENBEAN PEA SPINACH SOYBEAN SUNFLOWER CHAFF POPLAR SEEDS LIME MINERAL_FEED FERTILIZER SUGARCANE STRAW GRASS_WINDROW DRYGRASS_WINDROW SILAGE FORAGE PIGFOOD WOODCHIPS ROADSALT STONE OLIVE" capacity="8000000" isExtension="true"/>
        </storages>
    </silo>

<!--     <silo>
        <loadingStation node="loadingTrigger" supportsExtension="true" storageRadius="50">
            <loadTrigger triggerNode="loadingTrigger" fillLitersPerSecond="8000" dischargeNode="dischargeNode" fillTypeCategories="BULK LIQUID SPRAYER SLURRYTANK" aiNode="aiLoadingNode">
                <effectNode effectClass="PipeEffect" effectNode="pipeEffect"      materialType="pipe"           fadeTime="0.5" maxBending="0" controlPoint="4.8 0 0 0" />
                <effectNode                          effectNode="pipeEffectSmoke" materialType="unloadingSmoke" fadeTime="0.5" />
                <sounds>
                    <loading template="silosActive" />
                </sounds>
            </loadTrigger>
        </loadingStation>

        <unloadingStation supportsExtension="true" storageRadius="10">
            <unloadTrigger exactFillRootNode="exactFillRootNode" fillTypeCategories="BULK LIQUID SPRAYER SLURRYTANK" aiNode="aiUnloadingNode"/>
            <palletTrigger triggerNode="palletTrigger" deleteLitersPerSecond="1000" fillTypeCategories="BULK LIQUID SPRAYER SLURRYTANK"/>
            <baleTrigger triggerNode="baleTrigger" deleteLitersPerSecond="1000" fillTypeCategories="BULK LIQUID SPRAYER SLURRYTANK" aiNode="aiUnloadingNode"/>
        </unloadingStation>

        <storages>
            <storage node="storage" fillTypeCategories="BULK LIQUID SPRAYER SLURRYTANK" capacity="1000000" />
        </storages>
    </silo>
 -->
    <hotspots>
        <hotspot type="UNLOADING" linkNode="mapPosition" />
    </hotspots>
	
    <triggerMarkers>
        <triggerMarker node="markerLoading"   filename="$data/shared/assets/marker/markerIconLoad.i3d" />
        <triggerMarker node="markerUnloading" filename="$data/shared/assets/marker/markerIconUnload.i3d" />
    </triggerMarkers>

<i3dMappings>
  <i3dMapping id="Silo_multi" node="0>" />
  <i3dMapping id="silo_0" node="0>0" />
  <i3dMapping id="loadingStation" node="0>0|0" />
  <i3dMapping id="loadingTriggers" node="0>0|0|0" />
  <i3dMapping id="loadingTrigger" node="0>0|0|0|0" />
  <i3dMapping id="dischargeNode" node="0>0|0|0|1" />
  <i3dMapping id="dischargeEffect" node="0>0|0|0|2" />
  <i3dMapping id="pipeEffect" node="0>0|0|0|2|0" />
  <i3dMapping id="pipeEffectSmoke" node="0>0|0|0|2|1" />
  <i3dMapping id="aiLoadingNode" node="0>0|0|0|3" />
  <i3dMapping id="unloadingStation" node="0>0|1" />
  <i3dMapping id="exactFillRootNode" node="0>0|1|0" />
  <i3dMapping id="grainGutterLinkNode" node="0>0|1|1" />
  <i3dMapping id="aiUnloadingNode" node="0>0|1|2" />
  <i3dMapping id="baleTrigger" node="0>0|1|3" />
  <i3dMapping id="palletTrigger" node="0>0|1|4" />
  <i3dMapping id="infoTrigger" node="0>0|2" />
  <i3dMapping id="aiSpline" node="0>0|3" />
  <i3dMapping id="mapPosition" node="0>0|4" />
  <i3dMapping id="storage" node="0>0|5" />
  <i3dMapping id="markerLoading" node="0>0|6" />
  <i3dMapping id="markerUnloading" node="0>0|7" />
  <i3dMapping id="teleportNode" node="0>0|8" />
  <i3dMapping id="clearAreas" node="0>1" />
  <i3dMapping id="clearArea1Start" node="0>1|0" />
  <i3dMapping id="clearArea1Width" node="0>1|0|0" />
  <i3dMapping id="clearArea1Height" node="0>1|0|1" />
  <i3dMapping id="clearArea2Start" node="0>1|1" />
  <i3dMapping id="clearArea2Width" node="0>1|1|0" />
  <i3dMapping id="clearArea2Height" node="0>1|1|1" />
  <i3dMapping id="levelAreas" node="0>2" />
  <i3dMapping id="levelArea1Start" node="0>2|0" />
  <i3dMapping id="levelArea1Width" node="0>2|0|0" />
  <i3dMapping id="levelArea1Height" node="0>2|0|1" />
  <i3dMapping id="testAreas" node="0>3" />
  <i3dMapping id="testArea1Start" node="0>3|0" />
  <i3dMapping id="testArea1End" node="0>3|0|0" />
  <i3dMapping id="tipOcclusionUpdateAreas" node="0>4" />
  <i3dMapping id="tipOcclusionUpdateArea1Start" node="0>4|0" />
  <i3dMapping id="tipOcclusionUpdateArea1End" node="0>4|0|0" />
  <i3dMapping id="visual" node="0>5" />
  <i3dMapping id="silo_1" node="0>5|0" />
  <i3dMapping id="sellin" node="0>5|1" />
  <i3dMapping id="decal" node="0>5|2" />
  <i3dMapping id="waterTankLevel02Vis_ryc1" node="0>5|3" />
  <i3dMapping id="collision_0" node="0>5|3|0" />
  <i3dMapping id="waterTankLevel01Vis" node="0>5|4" />
  <i3dMapping id="collision_1" node="0>5|4|0" />
  <i3dMapping id="waterTankLevel03Vis_ryc1" node="0>5|5" />
  <i3dMapping id="collision_2" node="0>5|5|0" />
  <i3dMapping id="base1" node="0>5|6" />
  <i3dMapping id="fieldCatchBasin01" node="0>5|7" />
  <i3dMapping id="col" node="0>5|7|0" />
  <i3dMapping id="slurri" node="0>5|8" />
  <i3dMapping id="fieldFilterSocks01" node="0>5|9" />
  <i3dMapping id="colicion" node="0>6" />
  <i3dMapping id="colision" node="0>6|0" />
  <i3dMapping id="nieves" node="0>7" />
  <i3dMapping id="winter" node="0>7|0" />
  <i3dMapping id="snow_0" node="0>7|0|0" />
  <i3dMapping id="snow_1" node="0>7|0|1" />
</i3dMappings>
</placeable>
