<?xml version="1.0" encoding="utf-8" standalone="no" ?>
<modDesc descVersion="91">
	<author>kenny456</author>
	<version>1.0.0.0</version>
	<title>
		<en>Real Mower</en>
	</title>
	<description>
        <en>
<![CDATA[
Description:
-With this mod you can mow grass on all areas on the map. It also mows all bushes and weeds.
-Function is added to all vehicles with "mower" specialization
-You can activate / deactivate mod function for current vehicle

Default controls (can be changed in controls settings):
KEY_o - turn on / off mod function for current vehicle
]]>
        </en>
        <de>
<![CDATA[
Beschreibung:
- Mit diesem Mod können Sie Gras auf allen Flächen der Karte mähen. Er mäht auch alle Büsche und Unkräuter.
- Funktion wird allen Fahrzeugen mit „Mäher“-Spezialisierung hinzugefügt
- Sie können die Mod-Funktion für das aktuelle Fahrzeug aktivieren/deaktivieren

Standardsteuerung (kann in den Steuerungseinstellungen geändert werden):
KEY_o – Mod-Funktion für das aktuelle Fahrzeug ein-/ausschalten
]]>
        </de>
        <fr>
<![CDATA[
Description :
- Avec ce mod, vous pouvez tondre l'herbe sur toutes les zones de la carte. Il tond également tous les buissons et les mauvaises herbes.
- La fonction est ajoutée à tous les véhicules avec la spécialisation « tondeuse »
- Vous pouvez activer/désactiver la fonction mod pour le véhicule actuel

Commandes par défaut (peut être modifié dans les paramètres de commandes):
KEY_o - activer/désactiver la fonction mod pour le véhicule actuel
]]>
        </fr>
	</description>
	<iconFilename>icon_realMower.dds</iconFilename>
	<multiplayer supported="true"/>
	<extraSourceFiles>
		<sourceFile filename="register.lua" />
	</extraSourceFiles>
	<l10n>
		<text name="input_REALMOWER_ACTIVATE">
			<en>Real Mower: Activate / deactivate</en>
			<de>Real Mower: Aktivieren / Deaktivieren</de>
		</text>
		<text name="REALMOWER_ACTIVATE">
			<en>Real Mower: Turn on</en>
			<de>Real Mower: Anschalten</de>
		</text>
		<text name="REALMOWER_DEACTIVATE">
			<en>Real Mower: Turn off</en>
			<de>Real Mower: Abschalten</de>
		</text> 
	</l10n>
	<actions>
		<action name="REALMOWER_ACTIVATE" category="VEHICLE"   axisType="HALF" ignoreComboMask="false"/>
    </actions>
    <inputBinding>
		<actionBinding action="REALMOWER_ACTIVATE" >
            <binding device="KB_MOUSE_DEFAULT" input="KEY_o" />
        </actionBinding>
    </inputBinding>
</modDesc>
