<?xml version="1.0" encoding="utf-8" standalone="no" ?>
<modDesc descVersion="92">
	<author>modelleicher (Farming Agency)</author>
	<version>1.0.0.0</version>
	<title>
		<en>Paint And Terraform Anywhere</en>
		<de>Überall Malen Und Gelände Verändern</de>
	</title>
	<description>
		<en>
<![CDATA[Paint and Terraform Anywhere

This Mod for the Landscaping Tools allows you to Paint and Terraform anywhere. It also allows you to place Trees anywhere. It does not matter if you own the land or not.
You can even use the Landscaping Tools where Placeables are, or where the road is.

It is perfect to fix mistakes when placing a placeable too close to a road. Also it allows you to fix misaligned ground and those pesky holes next to placeables.
And obviously it is generally nice to be able to paint and terraform stuff freely without boundarys.

New in FS25: Added Dependency on Multiplayer Permissions. Instead of everyone being able to use Landscaping anywhere, the following rules apply:
- Host or Logged in as Game-Admin can use Landscaping anywhere 
- Players with "Landscaping" Permissions can use Landscape within the Farm-Owned Area but the restrictions around buildings are removed
- Players without "Landscaping" Permissions can not use Landscaping Tools anywhere 


]]></en>
		<de>
<![CDATA[Überall Malen und Gelände Verändern

Dieser Mod für den Landscaping-Modus macht es möglich überall das Terrain zu bearbeiten, Foliages und Bodentexturen zu malen. Ebenfalls kann man überall Bäume platzieren. Es spielt keine Rolle mehr ob das Land in deinem Besitz ist.
Du kannst sogar unter/an Placeables das Terrain, Texturen und Foliages bearbeiten, oder auf den Straßen.

Der Mod ist perfekt um Fehler zu reparieren die beim platzieren passiert sind z.b. wenn man zu dicht an einer Straße etwas platziert hat und plötzlich das Terrain durch die Straße schaut.
Es ist ebenso ideal um die kleinen Löcher zu fixen die manchmal am Rande von Placeables auftreten wenn man daneben Terraforming betrieben hat. Abgesehen davon ist es natürlich einfach toll überall ohne Restriktionen alles anpassen zu können.

Neu im LS25: Im Multiplayer ist das Landscaping trotz des Mods von den Permissions abhängig. Anstatt dass der Mod das Landscaping überall für alle freischält gelten folgende Regeln:
- Als Host oder eingeloggt als Admin hat man nach wie vor volle Freiheit überall zu Landscapen
- Spieler mit der Freigabe "Landschaftsbau" können auf der Farm gehörendem Land frei Landscapen 
- Spieler ohne Freigabe "Landschaftsbau" können wie in Vanilla nirgendwo Landscape-Tools nutzen.


]]></de>
	</description>
	<iconFilename>icon_paintAndTerraformAnywhere.dds</iconFilename>
	<multiplayer supported="true"/>
	<extraSourceFiles>
		<sourceFile filename="paintAndTerraformAnywhere.lua"/>
	</extraSourceFiles>
</modDesc>