﻿<?xml version="1.0" encoding="utf-8" standalone="no" ?>
<modDesc descVersion="92">
    <author>Eiks</author>
    <version>1.0.0.2</version>
    <title>
        <de>Allrounder V2</de>
    </title>
    <description>
        <de>NZ Extreme 2.0</de>
    </description>
	<multiplayer supported="true"/>
    <iconFilename>store_nzExtreme1425.dds</iconFilename>
    <storeItems>
        <storeItem xmlFilename="nzExtreme1425.xml"/>
    <newStoreCategories>
          <newStoreCategory type="VEHICLE" name="Es" title="$l10n_category_Es" image="category.dds" />
        </newStoreCategories>
    </storeItems>
	
	<specializations>
	<specialization name="AddStoreCategory" className="AddStoreCategory" filename="scripts/AddStoreCategory.lua"/>		
    </specializations>
	
	<l10n>
	<text name="category_Es">
		<en>Eiks Mods</en>
		<de>Eiks Mods</de>
	</text>	
    </l10n>
	
	<brands>
		<brand name="ESM" title="Eiks_Tec" image="markee.dds"/>
	</brands>
	<vehicleTypes>
        <type name="mulchPlowCultivator" parent="plowPacker" className="Vehicle" filename="$dataS/scripts/vehicles/Vehicle.lua">
			<specialization name="mulcher"/>
        </type>
    </vehicleTypes>	
	
</modDesc>
