﻿<?xml version="1.0" encoding="utf-8" standalone="no" ?>
<modDesc descVersion="91">
    <author>AEN Design</author>
    <version>1.0.0.0</version>
	<title>
        <en>WS11 Machinery Shed</en>
        <de>WS11 Maschinenhalle</de>
		<fi>WS11 Konehalli</fi>
    </title>
    <description>
        <en>
<![CDATA[A 11 x 20 m machine shed to store your machinery. Features two versions with the side door either on left or right. You can turn on the indoor lights at the switch box indoors near the front doors. The outdoor light switches on automatically at night.

Category: Placeables - Buildings - Sheds
Price: $65,000
Daily upkeep: 25 $
Base game color configurations
]]>
        </en>
		<de><![CDATA[Ein 11 x 20 m großer Maschinenschuppen für die Lagerung Ihrer Maschinen. In zwei Ausführungen mit Seitentür links oder rechts. Sie können die Innenbeleuchtung am Schaltkasten im Innenraum in der Nähe der Vordertüren einschalten. Das Außenlicht schaltet sich nachts automatisch ein.

Kategorie:
Platzierbares - Gebäude - Schuppen
Preis: 65.000€
Tägliche Unterhaltskosten: 25 €
Farbkonfigurationen für das Basisspiel
]]></de>
		<fi><![CDATA[Suomalainen 11 x 20 metrinen konehalli. Kaksi versiota, joissa on sivuovi joko oikealla tai vasemmalla. Sisävalot voi sytyttää sisäpuolen katkaisinkaapista etuoven vieressä. Ulkovalo syttyy automaattisesti yöllä.

Kategoria: Rakentaminen - Rakennukset - Katokset
Hinta: 65000 €
Päivittäinen ylläpito: 25 €
Peruspelin värivalinnat
]]></fi>
    </description>
    <iconFilename>icon_ws11.dds</iconFilename>
    <multiplayer supported="true" />
    
    <storeItems>
        <storeItem xmlFilename="ws11L.xml"/>
		<storeItem xmlFilename="ws11R.xml"/>
    </storeItems>
</modDesc>
