<?xml version="1.0" encoding="utf-8" standalone="no" ?>
<placeable type="simplePlaceable" xmlns:xsi="http://www.w3.org/2001/XMLSchema-instance" xsi:noNamespaceSchemaLocation="https://validation.gdn.giants-software.com/xml/fs22/placeable.xsd">
    <storeData>
		<name>
			<en>WS11 11 x 20 m L</en>
        </name>
        <functions>
            <function>$l10n_function_garage</function>
        </functions>
        <image>store/store_ws11L.png</image>
        <price>65000</price>
		<dailyUpkeep>25</dailyUpkeep>
        <canBeSold>true</canBeSold>
        <showInStore>true</showInStore>
        <lifetime>1000</lifetime>
        <rotation>0</rotation>
        <brand>NONE</brand>
        <species>placeable</species>
        <category>sheds</category>
        <brush>
            <type>placeable</type>
            <category>buildings</category>
            <tab>sheds</tab>
        </brush>
        <vertexBufferMemoryUsage>662528</vertexBufferMemoryUsage>
        <indexBufferMemoryUsage>141824</indexBufferMemoryUsage>
        <textureMemoryUsage>6619136</textureMemoryUsage>
        <audioMemoryUsage>0</audioMemoryUsage>
        <instanceVertexBufferMemoryUsage>0</instanceVertexBufferMemoryUsage>
        <instanceIndexBufferMemoryUsage>0</instanceIndexBufferMemoryUsage>
    </storeData>

    <base>
		<filename>ws11L.i3d</filename>
        <canBeRenamed>true</canBeRenamed>
    </base>

    <placement useRandomYRotation="false" useManualYRotation="true">
        <testAreas>
            <testArea startNode="testArea1Start" endNode="testArea1End" />
        </testAreas>
		
        <sounds>
            <place template="largeImp" />
        </sounds>
    </placement>

    <clearAreas>
        <clearArea startNode="clearArea1Start" widthNode="clearArea1Width" heightNode="clearArea1Height"/>
    </clearAreas>

    <leveling requireLeveling="true" maxSmoothDistance="10" maxSlope="75" maxEdgeAngle="30">
        <levelAreas>
            <levelArea startNode="levelArea1Start" widthNode="levelArea1Width" heightNode="levelArea1Height"/>
        </levelAreas>
    </leveling>

    <indoorAreas>
        <indoorArea startNode="indoorArea1Start" widthNode="indoorArea1Width" heightNode="indoorArea1Height" />
    </indoorAreas>

    <ai>
        <updateAreas>
            <updateArea startNode="tipOcclusionUpdateArea1Start" endNode="tipOcclusionUpdateArea1End" />
        </updateAreas>
    </ai>

    <tipOcclusionUpdateAreas>
        <tipOcclusionUpdateArea startNode="tipOcclusionUpdateArea1Start" endNode="tipOcclusionUpdateArea1End" />
    </tipOcclusionUpdateAreas>

	<colorConfigurations defaultColorIndex="1" postLoadObjectChange="false" price="0" useDefaultColors="true">
		<!--colorConfiguration color="1 1 1 1" uiColor="1 1 1 1">
		</colorConfiguration>
		<colorConfiguration color="1 0 0 1" uiColor="1 0 0 1">
		</colorConfiguration-->
		<node node="wallsColorable" />
		<node node="door1Colorable" />
		<node node="door2Colorable" />
		<node node="door3Colorable" />
	</colorConfigurations>
	
	<animatedObjects>
        <animatedObject saveId="door1" >
            <animation duration="3.5">
                <part node="door1">
                    <keyFrame time="0.0" translation="1.338 -4.199 0.336"/>
                    <keyFrame time="1.0" translation="3.85 -4.199 0.336"/>
                </part>
            </animation>
            <controls triggerNode="triggerDoor01" posAction="ACTIVATE_HANDTOOL" posText="action_openDoor" negText="action_closeDoor" />
            <sounds>
                <moving linkNode="door1" template="slidingGateMetalLoop" />
                <posEnd linkNode="door1" template="slidingGateMetalOpen" />
                <negEnd linkNode="door1" template="slidingGateMetalClose" />
            </sounds>
        </animatedObject>
		
        <animatedObject saveId="door2" >
            <animation duration="3.5">
                <part node="door2">
                    <keyFrame time="0.0" translation="-1.338 -4.199 0.336"/>
                    <keyFrame time="1.0" translation="-3.85 -4.199 0.336"/>
                </part>
            </animation>
            <controls triggerNode="triggerDoor02" posAction="ACTIVATE_HANDTOOL" posText="action_openDoor" negText="action_closeDoor" />
            <sounds>
                <moving linkNode="door2" template="slidingGateMetalLoop" />
                <posEnd linkNode="door2" template="slidingGateMetalOpen" />
                <negEnd linkNode="door2" template="slidingGateMetalClose" />
            </sounds>
        </animatedObject>
		
        <animatedObject saveId="door3" >
            <animation duration="3.5">
                <part node="door3">
                    <keyFrame time="0.0" translation="-5.791 -4.199 -5.979"/>
                    <keyFrame time="1.0" translation="-5.791 -4.199 -9.975"/>
                </part>
            </animation>
            <controls triggerNode="triggerDoor03" posAction="ACTIVATE_HANDTOOL" posText="action_openDoor" negText="action_closeDoor" />
            <sounds>
                <moving linkNode="door3" template="slidingGateMetalLoop" />
                <posEnd linkNode="door3" template="slidingGateMetalOpen" />
                <negEnd linkNode="door3" template="slidingGateMetalClose" />
            </sounds>
        </animatedObject>
    </animatedObjects>
	
    <lights>	

		<sharedLight filename="$data/shared/assets/lights/terraLed/fluorescentTube50W.xml" linkNode="fluorescentTube50W1"/>	
		<sharedLight filename="$data/shared/assets/lights/terraLed/fluorescentTube50W.xml" linkNode="fluorescentTube50W2"/>	
		<sharedLight filename="$data/shared/assets/lights/terraLed/fluorescentTube50W.xml" linkNode="fluorescentTube50W3"/>	
		<sharedLight filename="$data/shared/assets/lights/terraLed/fluorescentTube50W.xml" linkNode="fluorescentTube50W4"/>	
		<sharedLight filename="$data/shared/assets/lights/terraLed/fluorescentTube50W.xml" linkNode="fluorescentTube50W5"/>	
		<sharedLight filename="$data/shared/assets/lights/terraLed/fluorescentTube50W.xml" linkNode="fluorescentTube50W6"/>	
		<sharedLight filename="$data/shared/assets/lights/terraLed/fluorescentTube50W.xml" linkNode="fluorescentTube50W7"/>	
		<sharedLight filename="$data/shared/assets/lights/terraLed/fluorescentTube50W.xml" linkNode="fluorescentTube50W8"/>	
		<realLights>
            <low>
                <light node="realLightsLow"/>
            </low>
            <high>
                <light node="realLightsHigh"/>
			</high>
        </realLights>

        <group name="$l10n_action_placeableLightShed" triggerNode="triggerLights01">
            <sounds>
                <toggle template="lizardFloodLight" innerRadius="50" outerRadius="100" volumeScale="0.2"/>
            </sounds>
        </group>
    </lights>
	
	
<i3dMappings>
  <i3dMapping id="ws11" node="0>" />
  <i3dMapping id="concreteBase" node="0>0" />
  <i3dMapping id="metalFrame" node="0>0|0" />
  <i3dMapping id="roof" node="0>0|0|0" />
  <i3dMapping id="roofSidings" node="0>0|0|0|0" />
  <i3dMapping id="roofInside" node="0>0|0|0|1" />
  <i3dMapping id="walls" node="0>0|0|1" />
  <i3dMapping id="door1" node="0>0|0|1|0" />
  <i3dMapping id="door1Colorable" node="0>0|0|1|0|0" />
  <i3dMapping id="door1Things" node="0>0|0|1|0|0|0" />
  <i3dMapping id="door1_frame" node="0>0|0|1|0|1" />
  <i3dMapping id="triggerDoor01" node="0>0|0|1|0|2" />
  <i3dMapping id="door2" node="0>0|0|1|1" />
  <i3dMapping id="door2Colorable" node="0>0|0|1|1|0" />
  <i3dMapping id="door2Things" node="0>0|0|1|1|1" />
  <i3dMapping id="door2_frame" node="0>0|0|1|1|2" />
  <i3dMapping id="triggerDoor02" node="0>0|0|1|1|3" />
  <i3dMapping id="door3" node="0>0|0|1|2" />
  <i3dMapping id="door3Colorable" node="0>0|0|1|2|0" />
  <i3dMapping id="door3Things" node="0>0|0|1|2|1" />
  <i3dMapping id="door3_frame" node="0>0|0|1|2|2" />
  <i3dMapping id="triggerDoor03" node="0>0|0|1|2|3" />
  <i3dMapping id="wallsColorable" node="0>0|0|1|3" />
  <i3dMapping id="sidingsDrainages" node="0>0|0|1|3|0" />
  <i3dMapping id="windows" node="0>0|0|2" />
  <i3dMapping id="woodPlain" node="0>0|0|3" />
  <i3dMapping id="clearAreas" node="0>1" />
  <i3dMapping id="clearArea1Start" node="0>1|0" />
  <i3dMapping id="clearArea1Width" node="0>1|0|0" />
  <i3dMapping id="clearArea1Height" node="0>1|0|1" />
  <i3dMapping id="levelAreas" node="0>2" />
  <i3dMapping id="levelArea1Start" node="0>2|0" />
  <i3dMapping id="levelArea1Width" node="0>2|0|0" />
  <i3dMapping id="levelArea1Height" node="0>2|0|1" />
  <i3dMapping id="indoorAreas" node="0>3" />
  <i3dMapping id="indoorArea1Start" node="0>3|0" />
  <i3dMapping id="indoorArea1Width" node="0>3|0|0" />
  <i3dMapping id="indoorArea1Height" node="0>3|0|1" />
  <i3dMapping id="testAreas" node="0>4" />
  <i3dMapping id="testArea1Start" node="0>4|0" />
  <i3dMapping id="testArea1End" node="0>4|0|0" />
  <i3dMapping id="tipOcclusionUpdateAreas" node="0>5" />
  <i3dMapping id="tipOcclusionUpdateArea1Start" node="0>5|0" />
  <i3dMapping id="tipOcclusionUpdateArea1End" node="0>5|0|0" />
  <i3dMapping id="tipCollisions" node="0>6" />
  <i3dMapping id="tipCollision" node="0>6|0" />
  <i3dMapping id="winter" node="0>7" />
  <i3dMapping id="snow" node="0>7|0" />
  <i3dMapping id="triggers" node="0>8" />
  <i3dMapping id="lights" node="0>9" />
  <i3dMapping id="spotlight20W_edit" node="0>9|0" />
  <i3dMapping id="rotfix" node="0>9|0|0" />
  <i3dMapping id="rotNode" node="0>9|0|0|0" />
  <i3dMapping id="emissive" node="0>9|0|0|0|0" />
  <i3dMapping id="light" node="0>9|0|0|0|1" />
  <i3dMapping id="fluorescentTube50W1" node="0>9|1" />
  <i3dMapping id="fluorescentTube50W2" node="0>9|2" />
  <i3dMapping id="fluorescentTube50W3" node="0>9|3" />
  <i3dMapping id="fluorescentTube50W4" node="0>9|4" />
  <i3dMapping id="fluorescentTube50W5" node="0>9|5" />
  <i3dMapping id="fluorescentTube50W6" node="0>9|6" />
  <i3dMapping id="fluorescentTube50W7" node="0>9|7" />
  <i3dMapping id="fluorescentTube50W8" node="0>9|8" />
  <i3dMapping id="lightSwitch" node="0>9|9" />
  <i3dMapping id="glass" node="0>9|9|0" />
  <i3dMapping id="decals" node="0>9|9|1" />
  <i3dMapping id="triggerLights01" node="0>9|10" />
  <i3dMapping id="realLightsLow" node="0>9|11" />
  <i3dMapping id="lightLow1" node="0>9|11|0" />
  <i3dMapping id="lightLow2" node="0>9|11|1" />
  <i3dMapping id="lightLow3" node="0>9|11|2" />
  <i3dMapping id="lightLow4" node="0>9|11|3" />
  <i3dMapping id="lightLow5" node="0>9|11|4" />
  <i3dMapping id="lightLow6" node="0>9|11|5" />
  <i3dMapping id="lightLow7" node="0>9|11|6" />
  <i3dMapping id="lightLow8" node="0>9|11|7" />
  <i3dMapping id="realLightsHigh" node="0>9|12" />
  <i3dMapping id="lightHigh1" node="0>9|12|0" />
  <i3dMapping id="lightHigh2" node="0>9|12|1" />
  <i3dMapping id="lightHigh3" node="0>9|12|2" />
  <i3dMapping id="lightHigh4" node="0>9|12|3" />
  <i3dMapping id="lightHigh5" node="0>9|12|4" />
  <i3dMapping id="lightHigh6" node="0>9|12|5" />
  <i3dMapping id="lightHigh7" node="0>9|12|6" />
  <i3dMapping id="lightHigh8" node="0>9|12|7" />
</i3dMappings>
</placeable>
