<?xml version="1.0" encoding="utf-8" standalone="no" ?>
<GUI onOpen="onOpen" onClose="onClose" onCreate="onCreate">
    <GuiElement type="empty" profile="newLayer" />
    <GuiElement type="bitmap" profile="dialogFullscreenBg" id="dialogBgElement" />
    <GuiElement type="bitmap" profile="bgVignette"/>
    <GuiElement type="bitmap" profile="bgGlowDialog" />

    <GuiElement type="bitmap" profile="dynamicSelectionDialogBg" id="dialogElement">
        <GuiElement type="bitmap" profile="dialogHeaderDocked">
            <GuiElement type="text" profile="dialogHeaderText" id="dialogHeaderElement" />
        </GuiElement>

        <GuiElement type="boxLayout" profile="dynamicSelectionDialogLayout" id="propertiesLayoutElement">
            <GuiElement type="multiTextOption" profile="dynamicSelectionMultiTextOption" id="multiTextOptionTemplate">
                <GuiElement type="button" profile="dynamicSelectionMultiTextOptionLeft"/>
                <GuiElement type="button" profile="dynamicSelectionMultiTextOptionRight"/>
                <GuiElement type="text" profile="devControlsMultiTextOptionText"/>
                <GuiElement type="text" profile="devControlsMultiTextOptionTitle" name="title" text="Title"/>
                <GuiElement type="bitmap" profile="dynamicSelectionMultiTextOptionBg"/>
            </GuiElement>

            <GuiElement type="textInput" profile="dynamicSelectionTextInput" id="textInputTemplate">
                <GuiElement type="text" profile="devControlsMultiTextOptionTitle" name="title" text="Title"/>
            </GuiElement>

            <GuiElement type="button" profile="dynamicSelectionConfirm" id="buttonTemplate">
                <GuiElement type="text" profile="devControlsMultiTextOptionTitle" name="title" text="Title" />
            </GuiElement>

            <GuiElement type="empty" profile="dynamicSelectionSpacer" id="spacerTemplate"/>
        </GuiElement>

        <GuiElement type="flowLayout" profile="buttonBoxDialog">
            <GuiElement type="button" profile="buttonOK" text="$l10n_button_confirm" onClick="onConfirm" id="confirmButton" />
            <GuiElement type="button" profile="buttonBack" text="$l10n_button_back" onClick="onConfirm" id="backButton" />
        </GuiElement>
    </GuiElement>
</GUI>
